"DEPART_DATE","FLIGHT_NUMBER","DEPART_TIME","DEPART_CITY","DEPART_AIRPORT","DEPART_LAT","DEPART_LON","ARR_TIME","ARR_CITY","ARR_AIRPORT","ARR_LAT","ARR_LON","FLIGHT_DURATION","AIRLINE","AIRCRAFT","SEAT_TYPE","FLIGHT_CLASS","FLIGHT_REASON","CITY1","CITY2","COUNTRY",
30-JAN-08,"DP921","08:10:00","Moscow ","VKO",55.59149933,37.26150131,"09:35:00","Rimini ","RMI",44.020302,12.6117,"03:25:00","First Choice Airways (DP/FCA)","Boeing 737-800 (B738)",1,1,1,"Moscow","Rimini","Italy",
06-FEB-08,"DP922","10:05:00","Rimini ","RMI",44.020302,12.6117,"15:35:00","Moscow ","VKO",55.59149933,37.26150131,"03:30:00","First Choice Airways (DP/FCA)","Boeing 737-800 (B738)",2,1,1,"Rimini","Moscow","Russia",
12-AUG-09,"PC6791","04:15:00","Moscow ","DME",55.40879822,37.90629959,"07:30:00","Mugla ","DLM",36.71310043,28.79249954,"03:15:00","Pegasus Airlines (PC/PGT)","Airbus A320 (A320)",1,1,1,"Moscow","Dalaman","Turkey",
23-AUG-09,"PC6790","23:55:00","Mugla ","DLM",36.71310043,28.79249954,"03:30:00","Moscow ","DME",55.40879822,37.90629959,"03:35:00","Pegasus Airlines (PC/PGT)","Airbus A320 (A320)",1,1,1,"Dalaman","Moscow","Russia",
31-JAN-10,"SU2462","13:05:00","Moscow ","SVO",55.972599,37.4146,"15:05:00","Paris ","CDG",49.012798,2.55,"04:00:00","Aeroflot (SU/AFL)","Airbus A321 (A321)",2,1,1,"Moscow","Paris","France",
07-FEB-10,"SU2463","16:05:00","Paris ","CDG",49.012798,2.55,"21:50:00","Moscow ","SVO",55.972599,37.4146,"03:45:00","Aeroflot (SU/AFL)","Airbus A321 (A321)",2,1,1,"Paris","Moscow","Russia",
23-JUL-10,"S72141","09:05:00","Moscow ","DME",55.40879822,37.90629959,"11:55:00","Volgograd ","VOG",48.78250122,44.34550095,"01:50:00","S7 Airlines (S7/SBI)","Airbus A319-200 (A319)",1,1,1,"Moscow","Volgograd","Russia",
26-JUL-10,"S72144","21:00:00","Volgograd ","VOG",48.78250122,44.34550095,"21:50:00","Moscow ","DME",55.40879822,37.90629959,"01:50:00","S7 Airlines (S7/SBI)","Airbus A319-200 (A319)",3,1,1,"Volgograd","Moscow","Russia",
03-JAN-11,"SU2024","16:50:00","Moscow ","SVO",55.972599,37.4146,"17:45:00","Prague ","PRG",50.1008,14.26,"02:55:00","Aeroflot (SU/AFL)","Airbus A321 (A321)",3,1,1,"Moscow","Prague","Czech Republic",
11-JAN-11,"SU2013","13:05:00","Prague ","PRG",50.1008,14.26,"18:00:00","Moscow ","SVO",55.972599,37.4146,"02:55:00","Aeroflot (SU/AFL)","Airbus A321 (A321)",3,1,1,"Prague","Moscow","Russia",
18-JUL-11,"SU2318","11:20:00","Moscow ","SVO",55.972599,37.4146,"12:10:00","Berlin ","SXF",52.380001,13.5225,"02:50:00","Aeroflot (SU/AFL)","Airbus A320 (A320)",1,1,1,"Moscow","Berlin","Germany",
11-AUG-11,"SU2315","17:05:00","Berlin ","SXF",52.380001,13.5225,"21:45:00","Moscow ","SVO",55.972599,37.4146,"02:40:00","Aeroflot (SU/AFL)","Boeing 737-800 (B738)",3,1,1,"Berlin","Moscow","Russia",
21-DEC-11,"SU2314","15:20:00","Moscow ","SVO",55.972599,37.4146,"16:10:00","Berlin ","SXF",52.380001,13.5225,"02:50:00","Aeroflot (SU/AFL)","Boeing 737-800 (B738)",3,1,1,"Moscow","Berlin","Germany",
30-DEC-11,"SU2569","13:50:00","Berlin ","SXF",52.380001,13.5225,"18:45:00","Moscow ","SVO",55.972599,37.4146,"02:55:00","Aeroflot (SU/AFL)","Boeing 737-800 (B738)",2,1,1,"Berlin","Moscow","Russia",
23-MAR-12,"SU2312","10:15:00","Moscow ","SVO",55.972599,37.4146,"11:05:00","Berlin ","SXF",52.380001,13.5225,"02:50:00","Aeroflot (SU/AFL)"," ()",3,1,1,"Moscow","Berlin","Germany",
01-APR-12,"SU2685","09:45:00","Berlin ","SXF",52.380001,13.5225,"14:20:00","Moscow ","SVO",55.972599,37.4146,"02:35:00","Aeroflot (SU/AFL)","Boeing 737-800 (B738)",1,1,1,"Berlin","Moscow","Russia",
19-OCT-12,"SU2312","10:15:00","Moscow ","SVO",55.972599,37.4146,"11:05:00","Berlin ","SXF",52.380001,13.5225,"02:50:00","Aeroflot (SU/AFL)","Boeing 737 (B73X)",1,1,1,"Moscow","Berlin","Germany",
04-NOV-12,"SU2319","13:15:00","Berlin ","SXF",52.380001,13.5225,"18:00:00","Moscow ","SVO",55.972599,37.4146,"02:45:00","Aeroflot (SU/AFL)","Boeing 737 (B73X)",1,1,1,"Berlin","Moscow","Russia",
26-DEC-12,"SU2568","12:00:00","Moscow ","SVO",55.972599,37.4146,"12:55:00","Berlin ","SXF",52.380001,13.5225,"02:55:00","Aeroflot (SU/AFL)","Boeing 737-800 (B738)",3,1,1,"Moscow","Berlin","Germany",
14-JAN-13,"SU2685","09:45:00","Berlin ","SXF",52.380001,13.5225,"14:20:00","Moscow ","SVO",55.972599,37.4146,"02:35:00","Aeroflot (SU/AFL)","Boeing 737-800 (B738)",3,1,1,"Berlin","Moscow","Russia",
26-MAY-13,"S71211","13:50:00","Moscow ","DME",55.40879822,37.90629959,"15:00:00","Kaliningrad ","KGD",54.88999939,20.59259987,"02:10:00","S7 Airlines (S7/SBI)","Airbus A319-200 (A319)",3,1,2,"Moscow","Kaliningrad","Russia",
06-JUN-13,"S71212","15:50:00","Kaliningrad ","KGD",54.88999939,20.59259987,"18:50:00","Moscow ","DME",55.40879822,37.90629959,"02:00:00","S7 Airlines (S7/SBI)","Airbus A319-200 (A319)",3,1,2,"Kaliningrad","Moscow","Russia",
10-JUN-13,"SU2378","09:10:00","Moscow ","SVO",55.972599,37.4146,"11:20:00","Marseille ","MRS",43.43927192,5.221424103,"04:10:00","Aeroflot (SU/AFL)","Airbus A320-200 (A320)",1,1,1,"Moscow","Marseille","France",
22-JUN-13,"SU2379","12:10:00","Marseille ","MRS",43.43927192,5.221424103,"18:05:00","Moscow ","SVO",55.972599,37.4146,"03:55:00","Aeroflot (SU/AFL)","Airbus A320-200 (A320)",3,1,1,"Marseille","Moscow","Russia",
20-SEP-13,"SU102","15:05:00","Moscow ","SVO",55.972599,37.4146,"17:20:00","New York ","JFK",40.63980103,-73.77890015,"10:15:00","Aeroflot (SU/AFL)","Boeing 777-300ER (B77W)",3,1,1,"Moscow","New York","United States",
26-SEP-13,"DL3317","08:15:00","New York ","JFK",40.63980103,-73.77890015,"09:48:00","Buffalo ","BUF",42.94049835,-78.73220062,"01:33:00","Delta Air Lines (DL/DAL)","Bombardier CRJ-900 (CRJ9)",1,1,1,"New York","Buffalo","United States",
27-SEP-13,"596","16:35:00","Buffalo ","BUF",42.94049835,-78.73220062,"18:20:00","Las Vegas ","LAS",36.08010101,-115.1520004,"04:45:00","Southwest Airlines (WN/SWA)"," ()",1,1,1,"Buffalo","Las Vegas","United States",
11-OCT-13,"DL2340","23:15:00","San Francisco ","SFO",37.61899948,-122.375,"07:45:00","New York ","JFK",40.63980103,-73.77890015,"05:30:00","Delta Air Lines (DL/DAL)","Boeing 717-200 (B712)",1,1,1,"San Francisco","New York","United States",
12-OCT-13,"SU101","13:25:00","New York ","JFK",40.63980103,-73.77890015,"06:20:00","Moscow ","SVO",55.972599,37.4146,"08:55:00","Aeroflot (SU/AFL)","Boeing 777-300ER (B77W)",1,1,1,"New York","Moscow","Russia",
07-MAR-14,"SU2548","12:15:00","Moscow ","SVO",55.972599,37.4146,"16:35:00","Tenerife-South ","TFS",28.04450035,-16.57250023,"07:20:00","Aeroflot (SU/AFL)","Airbus A330-200 (A332)",3,1,1,"Moscow","Tenerife","Spain",
14-MAR-14,"SU2549","18:15:00","Tenerife-South ","TFS",28.04450035,-16.57250023,"04:10:00","Moscow ","SVO",55.972599,37.4146,"06:55:00","Aeroflot (SU/AFL)","Airbus A330-200 (A332)",1,1,1,"Tenerife","Moscow","Russia",
01-MAY-14,"SU2584","19:50:00","Moscow ","SVO",55.972599,37.4146,"21:05:00","London ","LHR",51.4706,-0.461941,"04:15:00","Aeroflot (SU/AFL)","Airbus A321-200 (A321)",2,1,1,"Moscow","London","United Kingdom",
11-MAY-14,"SU2579","13:30:00","London ","LHR",51.4706,-0.461941,"20:25:00","Moscow ","SVO",55.972599,37.4146,"03:55:00","Aeroflot (SU/AFL)","Airbus A321 (A321)",3,1,1,"London","Moscow","Russia",
14-JUL-14,"S7603","11:30:00","Moscow ","DME",55.40879822,37.90629959,"14:25:00","Larnaca ","LCA",34.87509918,33.62490082,"03:55:00","S7 Airlines (S7/SBI)","Boeing 737-800 (B738)",3,1,1,"Moscow","Larnaca","Cyprus",
28-JUL-14,"S7604","15:20:00","Larnaca ","LCA",34.87509918,33.62490082,"20:10:00","Moscow ","DME",55.40879822,37.90629959,"03:50:00","S7 Airlines (S7/SBI)","Boeing 737-800 (B738)",3,1,1,"Larnaca","Moscow","Russia",
13-SEP-14,"UN309","11:40:00","Moscow ","DME",55.40879822,37.90629959,"12:25:00","Berlin ","TXL",52.5597,13.2877,"02:45:00","Transaero Airlines (UN/TSO)","Airbus A319 (A319)",3,1,1,"Moscow","Berlin","Germany",
21-SEP-14,"UN310","13:25:00","Berlin ","TXL",52.5597,13.2877,"18:20:00","Moscow ","DME",55.40879822,37.90629959,"02:55:00","Transaero Airlines (UN/TSO)","Airbus A319 (A319)",3,1,1,"Berlin","Moscow","Russia",
04-APR-15,"TK420","04:20:00","Moscow ","VKO",55.59149933,37.26150131,"07:30:00","Istanbul ","IST",41.275278,28.751944,"03:10:00","Turkish Airlines (TK/THY)","Airbus A321-200 (A321)",2,1,1,"Moscow","Istanbul","Turkey",
04-APR-15,"TK50","13:50:00","Istanbul ","IST",41.275278,28.751944,"07:20:00","Tokyo ","NRT",35.76470184,140.3860016,"11:30:00","Turkish Airlines (TK/THY)","Boeing 777 (B777)",1,1,1,"Istanbul","Tokyo","Japan",
18-APR-15,"TK53","23:00:00","Tokyo ","NRT",35.76470184,140.3860016,"05:45:00","Istanbul ","IST",41.275278,28.751944,"12:45:00","Turkish Airlines (TK/THY)","Boeing 777-300ER (B77W)",3,1,1,"Tokyo","Istanbul","Turkey",
19-APR-15,"TK415","16:45:00","Istanbul ","IST",41.275278,28.751944,"19:50:00","Moscow ","VKO",55.59149933,37.26150131,"03:05:00","Turkish Airlines (TK/THY)","Airbus A321 (A321)",3,1,1,"Istanbul","Moscow","Russia",
18-JUL-15,"UN555","11:00:00","Moscow ","VKO",55.59149933,37.26150131,"14:00:00","Paris ","ORY",48.7233333,2.3794444,"05:00:00","Transaero Airlines (UN/TSO)","Airbus A319 (A319)",3,1,1,"Moscow","Paris","France",
25-JUL-15,"IB5394","07:00:00","Paris ","CDG",49.012798,2.55,"08:35:00","Barcelona ","BCN",41.2971,2.07846,"01:35:00","Iberia (IB/IBE)","Airbus A320-200 (A320)",3,1,1,"Paris","Barcelona","Spain",
02-AUG-15,"IB5294","23:55:00","Barcelona ","BCN",41.2971,2.07846,"05:15:00","Moscow ","DME",55.40879822,37.90629959,"03:20:00","Iberia (IB/IBE)","Airbus A320 (A320)",2,1,1,"Barcelona","Moscow","Russia",
24-SEP-15,"AB8101","17:40:00","Moscow ","DME",55.40879822,37.90629959,"19:20:00","Berlin ","TXL",52.5597,13.2877,"03:40:00","Air Berlin (AB/BER)","Boeing 737 (B73X)",3,1,1,"Moscow","Berlin","Germany",
04-OCT-15,"AB8104","11:45:00","Berlin ","TXL",52.5597,13.2877,"15:20:00","Moscow ","DME",55.40879822,37.90629959,"01:35:00","Air Berlin (AB/BER)","Airbus A319 (A319)",3,1,1,"Berlin","Moscow","Russia",
08-FEB-16,"4U8993","15:50:00","Moscow ","DME",55.40879822,37.90629959,"16:40:00","Berlin ","TXL",52.5597,13.2877,"02:50:00","Germanwings (4U/GWI)","Boeing 737 (B73X)",3,1,1,"Moscow","Berlin","Germany",
21-FEB-16,"4U8992","10:30:00","Berlin ","TXL",52.5597,13.2877,"15:00:00","Moscow ","DME",55.40879822,37.90629959,"02:30:00","Germanwings (4U/GWI)","Airbus A319 (A319)",3,1,1,"Berlin","Moscow","Russia",
26-APR-16,"UT249","10:45:00","Moscow ","VKO",55.59149933,37.26150131,"13:05:00","Sochi ","AER",43.449902,39.9566,"02:20:00","UTair Aviation (UT/UTA)","Boeing 737-800 (B738)",2,1,1,"Moscow","Sochi","Russia",
01-MAY-16,"UT268","20:55:00","Sochi ","AER",43.449902,39.9566,"23:10:00","Moscow ","VKO",55.59149933,37.26150131,"02:15:00","UTair Aviation (UT/UTA)","Boeing 737-800 (B738)",1,1,1,"Sochi","Moscow","Russia",
31-JUL-16,"YC9393","13:10:00","Moscow ","DME",55.40879822,37.90629959,"16:05:00","Catania ","CTA",37.466801,15.0664,"04:55:00","Yamal Airlines (YL/LLM)","Boeing 737 (B73X)",2,1,1,"Moscow","Catania","Italy",
07-AUG-16,"YC9394","17:15:00","Catania ","CTA",37.466801,15.0664,"22:00:00","Moscow ","DME",55.40879822,37.90629959,"02:45:00","Yamal Airlines (YL/LLM)","Boeing 737 (B73X)",3,1,1,"Catania","Moscow","Russia",
21-OCT-16,"MU592","19:10:00","Moscow ","SVO",55.972599,37.4146,"09:00:00","Shanghai ","PVG",31.14340019,121.8050003,"08:50:00","China Eastern Airlines (MU/CES)","Airbus A330-300 (A333)",3,1,1,"Moscow","Shanghai","China",
22-OCT-16,"MU5033","12:15:00","Shanghai ","PVG",31.14340019,121.8050003,"15:20:00","Seoul ","ICN",37.46910095,126.4509964,"02:05:00","China Eastern Airlines (MU/CES)","Airbus A330-300 (A333)",1,1,1,"Shanghai","Seoul","South Korea",
29-OCT-16,"KC910","12:05:00","Seoul ","ICN",37.46910095,126.4509964,"15:50:00","Almaty ","ALA",43.35210037,77.04049683,"06:45:00","Air Astana (KC/KZR)","Boeing 767 (B767)",3,1,1,"Seoul","Alma-ata","Kazakhstan",
29-OCT-16,"KC875","18:55:00","Almaty ","ALA",43.35210037,77.04049683,"20:50:00","Moscow ","DME",55.40879822,37.90629959,"04:55:00","Air Astana (KC/KZR)","Airbus A321 (A321)",3,1,1,"Alma-ata","Moscow","Russia",
27-DEC-16,"SU2210","11:25:00","Moscow ","SVO",55.972599,37.4146,"11:45:00","Stockholm ","ARN",59.65190125,17.91860008,"02:20:00","Aeroflot (SU/AFL)","Airbus A320-200 (A320)",3,1,1,"Moscow","Stockholm","Sweden",
31-DEC-16,"SU2211","12:35:00","Stockholm ","ARN",59.65190125,17.91860008,"16:45:00","Moscow ","SVO",55.972599,37.4146,"02:10:00","Aeroflot (SU/AFL)","Airbus A320-200 (A320)",2,1,1,"Stockholm","Moscow","Russia",
04-JAN-17,"S71056","20:10:00","Kazan ","KZN",55.60620117,49.27870178,"21:50:00","Moscow ","DME",55.40879822,37.90629959,"01:40:00","S7 Airlines (S7/SBI)","Airbus A319-200 (A319)",3,1,1,"Kazan","Moscow","Russia",
16-MAR-17,"SU2618","20:55:00","Moscow ","SVO",55.972599,37.4146,"22:40:00","Brussels ","BRU",50.90140152,4.48443985,"03:45:00","Aeroflot (SU/AFL)","Boeing 737-800 (B738)",3,1,1,"Moscow","Brussels","Belgium",
20-MAR-17,"SU2551","12:35:00","Amsterdam ","AMS",52.308601,4.76389,"18:15:00","Moscow ","SVO",55.972599,37.4146,"03:40:00","Aeroflot (SU/AFL)","Airbus A330-300 (A333)",1,1,1,"Amsterdam","Moscow","Russia",
30-MAR-17,"TK418","15:40:00","Moscow ","VKO",55.59149933,37.26150131,"19:00:00","Istanbul ","IST",41.275278,28.751944,"03:20:00","Turkish Airlines (TK/THY)","Airbus A321-200 (A321)",3,1,1,"Moscow","Istanbul","Turkey",
30-MAR-17,"TK1987","21:00:00","Istanbul ","IST",41.275278,28.751944,"22:15:00","London ","LHR",51.4706,-0.461941,"04:15:00","Turkish Airlines (TK/THY)","Airbus A321-200 (A321)",2,1,1,"Istanbul","London","United Kingdom",
10-APR-17,"TK1346","15:30:00","Edinburgh ","EDI",55.95000076,-3.372499943,"22:45:00","Istanbul ","IST",41.275278,28.751944,"04:15:00","Turkish Airlines (TK/THY)","Boeing 737-800 (B738)",2,1,1,"Edinburgh","Istanbul","Turkey",
11-APR-17,"TK419","00:25:00","Istanbul ","IST",41.275278,28.751944,"03:25:00","Moscow ","VKO",55.59149933,37.26150131,"03:00:00","Turkish Airlines (TK/THY)","Airbus A321-200 (A321)",1,1,1,"Istanbul","Moscow","Russia",
12-JUN-17,"SU2034","09:15:00","Moscow ","SVO",55.972599,37.4146,"11:30:00","Bucharest ","OTP",44.5711111,26.085,"03:15:00","Aeroflot (SU/AFL)","Sukhoi Superjet 100 (SU95)",3,1,1,"Moscow","Bucharest","Romania",
21-JUN-17,"SU2035","12:20:00","Bucharest ","OTP",44.5711111,26.085,"16:30:00","Moscow ","SVO",55.972599,37.4146,"03:10:00","Aeroflot (SU/AFL)","Sukhoi Superjet 100 (SU95)",2,1,1,"Bucharest","Moscow","Russia",
31-JUL-17,"EY460","21:50:00","Abu Dhabi ","AUH",24.43300056,54.65110016,"18:15:00","Melbourne ","MEL",-37.673302,144.843002,"13:25:00","Etihad Airways (EY/ETD)","Boeing 787-9 (B789)",3,1,1,"Abu Dhabi","Melbourne","Australia",
31-JUL-17,"EY68","12:15:00","Moscow ","DME",55.40879822,37.90629959,"18:40:00","Abu Dhabi ","AUH",24.43300056,54.65110016,"05:25:00","Etihad Airways (EY/ETD)","Airbus A321-200 (A321)",3,1,1,"Moscow","Abu Dhabi","United Arab Emirates",
06-AUG-17,"VA745","14:20:00","Melbourne ","MEL",-37.673302,144.843002,"15:25:00","Gold Coast ","OOL",-28.1644001,153.5050049,"02:05:00","Virgin Australia (VA/VOZ)","Boeing 737-800 (B738)",2,1,1,"Melbourne","Coolangatta","Australia",
20-AUG-17,"VA536","17:05:00","Gold Coast ","OOL",-28.1644001,153.5050049,"19:35:00","Sydney ","SYD",-33.94609833,151.177002,"01:30:00","Virgin Australia (VA/VOZ)","Boeing 737-800 (B738)",1,1,1,"Coolangatta","Sydney","Australia",
30-AUG-17,"EY451","17:00:00","Sydney ","SYD",-33.94609833,151.177002,"00:35:00","Abu Dhabi ","AUH",24.43300056,54.65110016,"14:35:00","Etihad Airways (EY/ETD)","Boeing 777-300ER (B77W)",1,1,1,"Sydney","Abu Dhabi","United Arab Emirates",
31-AUG-17,"EY65","02:15:00","Abu Dhabi ","AUH",24.43300056,54.65110016,"06:55:00","Moscow ","DME",55.40879822,37.90629959,"05:40:00","Etihad Airways (EY/ETD)","Airbus A321-200 (A321)",3,1,1,"Abu Dhabi","Moscow","Russia",
07-OCT-17,"LH1451","07:05:00","Moscow ","DME",55.40879822,37.90629959,"08:45:00","Frankfurt am Main ","FRA",50.033333,8.570556,"03:40:00","Lufthansa (LH/DLH)","Airbus A321 (A321)",3,1,1,"Moscow","Frankfurt","Germany",
07-OCT-17,"LH488","10:40:00","Frankfurt am Main ","FRA",50.033333,8.570556,"13:25:00","San Jose ","SJC",37.362598,-121.929001,"11:45:00","Lufthansa (LH/DLH)","Airbus A380 (A380)",1,1,1,"Frankfurt","San Jose","United States",
21-OCT-17,"LH489","15:05:00","San Jose ","SJC",37.362598,-121.929001,"11:15:00","Frankfurt am Main ","FRA",50.033333,8.570556,"11:10:00","Lufthansa (LH/DLH)","Airbus A380 (A380)",3,1,1,"San Jose","Frankfurt","Germany",
22-OCT-17,"LH1448","12:05:00","Frankfurt am Main ","FRA",50.033333,8.570556,"17:15:00","Moscow ","DME",55.40879822,37.90629959,"03:10:00","Lufthansa (LH/DLH)","Airbus A320 (A320)",3,1,1,"Frankfurt","Moscow","Russia",
09-NOV-17,"SU122","19:35:00","Moscow ","SVO",55.972599,37.4146,"21:31:00","New York ","JFK",40.63980103,-73.77890015,"09:56:00","Aeroflot (SU/AFL)","Airbus A330-300 (A333)",3,1,1,"Moscow","New York","United States",
13-NOV-17,"SU123","23:55:00","New York ","JFK",40.63980103,-73.77890015,"17:20:00","Moscow ","SVO",55.972599,37.4146,"09:25:00","Aeroflot (SU/AFL)","Airbus A330-300 (A333)",1,1,1,"New York","Moscow","Russia",
22-DEC-17,"AY714","21:10:00","Moscow ","SVO",55.972599,37.4146,"22:05:00","Helsinki ","HEL",60.31719971,24.9633007,"01:55:00","Finnair (AY/FIN)","Embraer ERJ-190 (E190)",2,1,1,"Moscow","Helsinki","Finland",
24-DEC-17,"AY713","17:35:00","Helsinki ","HEL",60.31719971,24.9633007,"20:20:00","Moscow ","SVO",55.972599,37.4146,"01:45:00","Finnair (AY/FIN)","Embraer ERJ-190 (E190)",3,1,1,"Helsinki","Moscow","Russia",
04-JAN-18,"BA285","10:45:00","London ","LHR",51.4706,-0.461941,"13:55:00","San Francisco ","SFO",37.61899948,-122.375,"11:10:00","British Airways (BA/BAW)","Boeing 747-400 (B744)",1,1,1,"London","San Francisco","United States",
04-JAN-18,"BA236","05:40:00","Moscow ","DME",55.40879822,37.90629959,"06:55:00","London ","LHR",51.4706,-0.461941,"04:15:00","British Airways (BA/BAW)","Airbus A321-200 (A321)",3,1,1,"Moscow","London","United Kingdom",
17-JAN-18,"UA0943","16:20:00","San Francisco ","SFO",37.61899948,-122.375,"17:40:00","Las Vegas ","LAS",36.08010101,-115.1520004,"01:20:00","United Airlines (UA/UAL)","Airbus A319-200 (A319)",2,1,1,"San Francisco","Las Vegas","United States",
18-JAN-18,"UA451","20:30:00","Las Vegas ","LAS",36.08010101,-115.1520004,"22:20:00","San Francisco ","SFO",37.61899948,-122.375,"01:50:00","United Airlines (UA/UAL)","Airbus A320-200 (A320)",3,1,1,"Las Vegas","San Francisco","United States",
26-JAN-18,"BA206","17:15:00","Miami ","MIA",25.79319954,-80.29060364,"06:35:00","London ","LHR",51.4706,-0.461941,"08:20:00","British Airways (BA/BAW)","Boeing 747-400 (B744)",1,1,1,"Miami","London","United Kingdom",
26-JAN-18,"BA206","17:15:00","Miami ","MIA",25.79319954,-80.29060364,"06:35:00","London ","LHR",51.4706,-0.461941,"08:20:00","British Airways (BA/BAW)","Boeing 747-400 (B744)",1,1,1,"Miami","London","United Kingdom",
26-JAN-18,"BA233","08:40:00","London ","LHR",51.4706,-0.461941,"15:20:00","Moscow ","DME",55.40879822,37.90629959,"03:40:00","British Airways (BA/BAW)","Airbus A321-200 (A321)",3,1,1,"London","Moscow","Russia",
13-APR-18,"KL904","18:00:00","Moscow ","SVO",55.972599,37.4146,"19:40:00","Amsterdam ","AMS",52.308601,4.76389,"03:40:00","KLM Royal Dutch Airlines (KL/KLM)","Boeing 737-700 (B737)",3,1,1,"Moscow","Amsterdam","Netherlands",
13-APR-18,"KL701","21:20:00","Amsterdam ","AMS",52.308601,4.76389,"07:05:00","Buenos Aires ","EZE",-34.8222,-58.5358,"13:45:00","KLM Royal Dutch Airlines (KL/KLM)","Boeing 787-9 (B789)",3,1,1,"Amsterdam","Buenos Aires","Argentina",
18-APR-18,"GLO7683","15:45:00","Buenos Aires ","AEP",-34.5592,-58.4156,"18:15:00","Sao Paulo ","GRU",-23.43555641,-46.47305679,"02:30:00","GOL (G3/GLO)","Airbus A320 (A320)",1,1,1,"Buenos Aires","Sao Paulo","Brazil",
22-APR-18,"G37662","21:30:00","Sao Paulo ","GRU",-23.43555641,-46.47305679,"02:05:00","Santiago ","SCL",-33.39300156,-70.78579712,"04:35:00","GOL (G3/GLO)","Boeing 737-800 (B738)",1,1,1,"Sao Paulo","Santiago","Chile",
25-APR-18,"H2124","11:15:00","Santiago ","SCL",-33.39300156,-70.78579712,"13:25:00","Calama ","CJC",-22.49819946,-68.9036026,"02:10:00","Sky Airline (H2/SKU)","Airbus A319-200 (A319)",1,1,1,"Santiago","Calama","Chile",
27-APR-18,"JA233","11:04:00","Calama ","CJC",-22.49819946,-68.9036026,"13:39:00","Concepcion ","CCP",-36.772701,-73.063103,"02:35:00","B&H Airlines (JA/BON)","Airbus A320-200 (A320)",1,1,1,"Calama","Concepcion","Chile",
29-APR-18,"H2062","20:10:00","Temuco ","ZCO",-38.9259,-72.6515,"21:30:00","Santiago ","SCL",-33.39300156,-70.78579712,"01:20:00","Sky Airline (H2/SKU)","Airbus A319 (A319)",3,1,1,"Temuco","Santiago","Chile",
30-APR-18,"AF401","16:30:00","Santiago ","SCL",-33.39300156,-70.78579712,"10:35:00","Paris ","CDG",49.012798,2.55,"14:05:00","Air France (AF/AFR)","Boeing 777-300ER (B77W)",1,1,1,"Santiago","Paris","France",
01-MAY-18,"AF1044","09:30:00","Paris ","CDG",49.012798,2.55,"15:20:00","Moscow ","SVO",55.972599,37.4146,"03:50:00","Air France (AF/AFR)","Boeing 737 (B73X)",3,1,1,"Paris","Moscow","Russia",
16-JUL-18,"U62643","10:15:00","Moscow ","DME",55.40879822,37.90629959,"13:45:00","Batumi ","BUS",41.61029816,41.59970093,"02:30:00","Ural Airlines (U6/SVR)","Airbus A320 (A320)",3,1,1,"Moscow","Batumi","Georgia",
20-JUL-18,"SU1893","03:15:00","Tbilisi ","TBS",41.6692009,44.95470047,"04:50:00","Moscow ","SVO",55.972599,37.4146,"02:35:00","Aeroflot (SU/AFL)","Airbus A320 (A320)",3,1,1,"Tbilisi","Moscow","Russia",
27-JUL-18,"SU2134","21:45:00","Moscow ","SVO",55.972599,37.4146,"01:35:00","Istanbul ","IST",41.275278,28.751944,"03:50:00","Aeroflot (SU/AFL)","Airbus A321 (A321)",3,1,1,"Moscow","Istanbul","Turkey",
29-JUL-18,"SU2133","17:20:00","Istanbul ","ISL",40.976898,28.8146,"21:00:00","Moscow ","SVO",55.972599,37.4146,"03:40:00","Aeroflot (SU/AFL)","Airbus A320 (A320)",1,1,1,"Istanbul","Moscow","Russia",
17-OCT-18,"AY11","15:20:00","Helsinki ","HEL",60.31719971,24.9633007,"16:20:00","San Francisco ","SFO",37.61899948,-122.375,"11:00:00","Finnair (AY/FIN)","Airbus A330-300 (A333)",1,1,1,"Helsinki","San Francisco","United States",
17-OCT-18,"AY712","10:55:00","Moscow ","SVO",55.972599,37.4146,"11:40:00","Helsinki ","HEL",60.31719971,24.9633007,"01:45:00","Finnair (AY/FIN)","Embraer ERJ-190 (E190)",3,1,1,"Moscow","Helsinki","Finland",
21-NOV-18,"AY12","18:10:00","San Francisco ","SFO",37.61899948,-122.375,"14:50:00","Helsinki ","HEL",60.31719971,24.9633007,"10:40:00","Finnair (AY/FIN)","Airbus A330-300 (A333)",1,1,1,"San Francisco","Helsinki","Finland",
22-NOV-18,"AY713","17:35:00","Helsinki ","HEL",60.31719971,24.9633007,"20:20:00","Moscow ","SVO",55.972599,37.4146,"01:45:00","Finnair (AY/FIN)","Embraer ERJ-190 (E190)",3,1,1,"Helsinki","Moscow","Russia",
07-DEC-18,"SU2502","07:50:00","Moscow ","SVO",55.972599,37.4146,"10:45:00","Valencia ","VLC",39.4893,-0.481625,"04:55:00","Aeroflot (SU/AFL)","Airbus A319 (A319)",3,1,1,"Moscow","Valencia","Spain",
08-DEC-18,"IB8456","22:40:00","Valencia ","VLC",39.4893,-0.481625,"00:20:00","Malaga ","AGP",36.67490005,-4.499110222,"01:40:00","Iberia (IB/IBE)","ATR 72-600 (AT76)",1,1,1,"Valencia","Malaga","Spain",
13-DEC-18,"FR6850","16:35:00","Sevilla ","SVQ",37.41799927,-5.893109798,"17:35:00","Rabat ","RBA",34.051498,-6.75152,"01:00:00","Ryanair (FR/RYR)","Boeing 737-800 (B738)",2,1,1,"Sevilla","Rabat","Morocco",
16-DEC-18,"3O701","16:20:00","Fes ","FEZ",33.9272995,-4.97796011,"17:20:00","Marrakech ","RAK",31.60689926,-8.036299706,"01:00:00","Air Arabia Maroc (3O/MAC)","Airbus A320-200 (A320)",1,1,1,"Fes","Marrakech","Morocco",
19-DEC-18,"EZS1160","15:10:00","Marrakech ","RAK",31.60689926,-8.036299706,"20:10:00","Mulhouse ","BSL",47.59,7.5291667,"05:00:00","Easyjet Switzerland (DS/EZS)","Airbus A320 (A320)",1,1,1,"Marrakech","Mulhouse","France",
23-DEC-18,"S7800","19:00:00","Munich ","MUC",48.353802,11.7861,"00:15:00","Moscow ","DME",55.40879822,37.90629959,"03:15:00","S7 Airlines (S7/SBI)","Airbus A320 (A320)",2,1,1,"Munich","Moscow","Russia",
07-JAN-19,"DY7005","16:45:00","Stockholm ","ARN",59.65190125,17.91860008,"19:05:00","New York ","JFK",40.63980103,-73.77890015,"08:20:00","Norwegian Air Shuttle (DY/NAX)","Boeing 787-8 (B788)",1,1,1,"Stockholm","New York","United States",
07-JAN-19,"DY4282","09:15:00","Helsinki ","HEL",60.31719971,24.9633007,"09:15:00","Stockholm ","ARN",59.65190125,17.91860008,"01:00:00","Norwegian Air Shuttle (DY/NAX)","Boeing 737-800 (B738)",3,1,1,"Helsinki","Stockholm","Sweden",
09-JAN-19,"B61415","19:40:00","New York ","JFK",40.63980103,-73.77890015,"23:29:00","San Francisco ","SFO",37.61899948,-122.375,"06:49:00","JetBlue Airways (B6/JBU)","Airbus A320 (A320)",3,1,1,"New York","San Francisco","United States",
02-FEB-19,"NK581","11:15:00","Oakland ","OAK",37.721298,-122.221001,"12:45:00","Las Vegas ","LAS",36.08010101,-115.1520004,"01:30:00","Spirit Airlines (NK/NKS)","Airbus A319 (A319)",2,1,1,"Oakland","Las Vegas","United States",
03-FEB-19,"G4112","19:50:00","Las Vegas ","LAS",36.08010101,-115.1520004,"21:20:00","Oakland ","OAK",37.721298,-122.221001,"01:30:00","Allegiant Air (G4/AAY)","Airbus A319-200 (A319)",2,1,1,"Las Vegas","Oakland","United States",
12-APR-19,"DL2700","15:15:00","San Francisco ","SFO",37.61899948,-122.375,"16:40:00","Los Angeles ","LAX",33.94250107,-118.4079971,"01:25:00","Delta Air Lines (DL/DAL)","Boeing 737-800 (B738)",3,1,1,"San Francisco","Los Angeles","United States",
16-APR-19,"DL2509","21:00:00","Los Angeles ","LAX",33.94250107,-118.4079971,"22:15:00","San Francisco ","SFO",37.61899948,-122.375,"01:15:00","Delta Air Lines (DL/DAL)","Boeing 737 (B73X)",2,1,1,"Los Angeles","San Francisco","United States",
21-MAY-19,"UA2360","23:20:00","San Francisco ","SFO",37.61899948,-122.375,"08:00:00","Boston ","BOS",42.36429977,-71.00520325,"05:40:00","United Airlines (UA/UAL)","Boeing 757 (B757)",1,1,1,"San Francisco","Boston","United States",
25-MAY-19,"UA448","15:20:00","Boston ","BOS",42.36429977,-71.00520325,"18:02:00","Denver ","DEN",39.86169815,-104.6729965,"04:42:00","United Airlines (UA/UAL)","Boeing 737 (B73X)",1,2,1,"Boston","Denver","United States",
26-MAY-19,"F9667","22:05:00","Denver ","DEN",39.86169815,-104.6729965,"00:03:00","San Francisco ","SFO",37.61899948,-122.375,"02:58:00","Frontier Airlines (F9/FFT)","Airbus A319 (A319)",3,1,1,"Denver","San Francisco","United States",
28-JUN-19,"UA5333","10:40:00","San Francisco ","SFO",37.61899948,-122.375,"13:49:00","Salt Lake City ","SLC",40.78839874,-111.9779968,"02:09:00","United Airlines (UA/UAL)","Embraer ERJ-175 (E175)",3,1,1,"San Francisco","Salt Lake City","United States",
30-JUN-19,"UA5868","16:50:00","Salt Lake City ","SLC",40.78839874,-111.9779968,"18:00:00","San Francisco ","SFO",37.61899948,-122.375,"02:10:00","United Airlines (UA/UAL)","Embraer 175 (E75L)",2,1,1,"Salt Lake City","San Francisco","United States",
20-JUL-19,"F91910","09:00:00","San Francisco ","SFO",37.61899948,-122.375,"14:35:00","Austin ","AUS",30.19449997,-97.66989899,"03:35:00","Frontier Airlines (F9/FFT)","Airbus A320-200 (A320)",3,1,1,"San Francisco","Austin","United States",
24-JUL-19,"F91911","06:00:00","Austin ","AUS",30.19449997,-97.66989899,"08:05:00","San Francisco ","SFO",37.61899948,-122.375,"04:05:00","Frontier Airlines (F9/FFT)","Airbus A320-200 (A320)",2,1,1,"Austin","San Francisco","United States",
02-AUG-19,"HX61","23:00:00","San Francisco ","SFO",37.61899948,-122.375,"04:35:00","Hong Kong ","HKG",22.308901,113.915001,"13:35:00","Hong Kong Airlines (HX/CRK)","Boeing 737 (B73X)",1,1,1,"San Francisco","Hong Kong","Hong Kong",
05-AUG-19,"NX898","20:55:00","Macau ","MFM",22.149599,113.592003,"21:45:00","Hanoi ","HAN",21.22120094,105.8069992,"01:50:00","Nationair (NX/NXA)","Airbus A321-200 (A321)",3,1,1,"Macau","Hanoi","Vietnam",
08-AUG-19,"VN681","15:20:00","Hanoi ","HAN",21.22120094,105.8069992,"19:45:00","Kuala Lumpur ","KUL",2.745579958,101.7099991,"03:25:00","Vietnam Airlines (VN/HVN)","Airbus A321-200 (A321)",2,1,1,"Hanoi","Kuala Lumpur","Malaysia",
10-AUG-19,"AK5196","17:50:00","Kuala Lumpur ","KUL",2.745579958,101.7099991,"20:45:00","Sandakan ","SDK",5.900899887,118.0589981,"02:55:00","Air Asia (AK/AXM)","Airbus A320-200 (A320)",3,1,1,"Kuala Lumpur","Sandakan","Malaysia",
12-AUG-19,"AK6493","10:00:00","Sandakan ","SDK",5.900899887,118.0589981,"10:50:00","Kota Kinabalu ","BKI",5.937210083,116.0510025,"00:50:00","Air Asia (AK/AXM)","Airbus A320-200 (A320)",3,1,1,"Sandakan","Kota Kinabalu","Malaysia",
15-AUG-19,"AK1791","14:35:00","Kota Kinabalu ","BKI",5.937210083,116.0510025,"17:00:00","Singapore ","SIN",1.35019,103.994003,"02:25:00","Air Asia (AK/AXM)","Airbus A320-200 (A320)",1,1,1,"Kota Kinabalu","Singapore","Singapore",
18-AUG-19,"3K535","14:40:00","Singapore ","SIN",1.35019,103.994003,"15:30:00","Phuket ","HKT",8.1132,98.316902,"01:50:00","Jetstar Asia Airways (3K/JSA)","Airbus A320-200 (A320)",3,1,1,"Singapore","Phuket","Thailand",
19-AUG-19,"EY431","20:25:00","Phuket ","HKT",8.1132,98.316902,"00:10:00","Abu Dhabi ","AUH",24.43300056,54.65110016,"06:45:00","Etihad Airways (EY/ETD)","Boeing 777-300ER (B77W)",2,1,1,"Phuket","Abu Dhabi","United Arab Emirates",
20-AUG-19,"EY65","02:15:00","Abu Dhabi ","AUH",24.43300056,54.65110016,"06:55:00","Moscow ","DME",55.40879822,37.90629959,"05:40:00","Etihad Airways (EY/ETD)","Airbus A321-200 (A321)",3,1,1,"Abu Dhabi","Moscow","Russia",
31-AUG-19,"UA481","17:30:00","Los Angeles ","LAX",33.94250107,-118.4079971,"18:55:00","San Francisco ","SFO",37.61899948,-122.375,"01:25:00","United Airlines (UA/UAL)","Boeing 737-900 (B739)",3,2,1,"Los Angeles","San Francisco","United States",
31-AUG-19,"SU106","12:00:00","Moscow ","SVO",55.972599,37.4146,"13:50:00","Los Angeles ","LAX",33.94250107,-118.4079971,"12:50:00","Aeroflot (SU/AFL)","Airbus A330-200 (A332)",1,1,1,"Moscow","Los Angeles","United States",
14-OCT-19,"WN1377","20:30:00","Las Vegas ","LAS",36.08010101,-115.1520004,"22:00:00","San Francisco ","SFO",37.61899948,-122.375,"01:30:00","Southwest Airlines (WN/SWA)","Boeing 737-800 (B738)",3,1,1,"Las Vegas","San Francisco","United States",
19-OCT-19,"UA4474","08:00:00","Chicago ","ORD",41.9786,-87.9048,"12:26:00","Quebec ","YQB",46.7911,-71.393303,"02:26:00","United Airlines (UA/UAL)","Embraer ERJ-145XR (E45X)",3,1,1,"Chicago","Quebec","Canada",
19-OCT-19,"UA995","23:20:00","San Francisco ","SFO",37.61899948,-122.375,"05:29:00","Chicago ","ORD",41.9786,-87.9048,"04:09:00","United Airlines (UA/UAL)","Airbus A319-200 (A319)",1,1,1,"San Francisco","Chicago","United States",
26-OCT-19,"UA582","16:40:00","Toronto ","YYZ",43.67720032,-79.63059998,"17:34:00","Chicago ","ORD",41.9786,-87.9048,"01:54:00","United Airlines (UA/UAL)","Boeing 737-800 (B738)",3,2,1,"Toronto","Chicago","United States",
26-OCT-19,"UA1883","18:33:00","Chicago ","ORD",41.9786,-87.9048,"21:09:00","San Jose ","SJC",37.362598,-121.929001,"04:36:00","United Airlines (UA/UAL)","Boeing 737-800 (B738)",3,2,1,"Chicago","San Jose","United States",
13-NOV-19,"UA1721","08:30:00","San Francisco ","SFO",37.61899948,-122.375,"12:00:00","Kailua-Kona ","KOA",19.738783,-156.045603,"05:30:00","United Airlines (UA/UAL)","Boeing 737-900 (B739)",2,1,1,"San Francisco","Kona","United States",
16-NOV-19,"UA1092","22:32:00","Kailua-Kona ","KOA",19.738783,-156.045603,"05:30:00","San Francisco ","SFO",37.61899948,-122.375,"04:58:00","United Airlines (UA/UAL)","Boeing 737-900 (B739)",1,1,1,"Kona","San Francisco","United States",
25-NOV-19,"LH455","14:40:00","San Francisco ","SFO",37.61899948,-122.375,"10:55:00","Frankfurt am Main ","FRA",50.033333,8.570556,"11:15:00","Lufthansa (LH/DLH)","Airbus A340-600 (A346)",1,1,1,"San Francisco","Frankfurt","Germany",
26-NOV-19,"LH1446","12:40:00","Frankfurt am Main ","FRA",50.033333,8.570556,"17:55:00","Moscow ","DME",55.40879822,37.90629959,"03:15:00","Lufthansa (LH/DLH)","Airbus A321-200 (A321)",3,1,1,"Frankfurt","Moscow","Russia",
16-DEC-19,"LX1325","09:05:00","Moscow ","DME",55.40879822,37.90629959,"10:50:00","Zurich ","ZRH",47.464699,8.54917,"03:45:00","Swiss International Airlines (LX/SWR)","Airbus A320-200 (A320)",3,1,1,"Moscow","Zurich","Switzerland",
16-DEC-19,"UA9728","13:15:00","Zurich ","ZRH",47.464699,8.54917,"16:15:00","San Francisco ","SFO",37.61899948,-122.375,"12:00:00","United Airlines (UA/UAL)","Boeing 777-300ER (B77W)",1,1,1,"Zurich","San Francisco","United States",
